date,covid_sum
2020-01-30,1.0
2020-02-21,1.0
2020-02-22,2.0
2020-02-23,0.0
2020-02-24,0.0
2020-02-25,0.0
2020-02-26,0.0
2020-02-27,1.0
2020-02-28,0.0
2020-02-29,0.0
2020-03-01,0.0
2020-03-02,1.0
2020-03-03,0.0
2020-03-04,1.0
2020-03-05,1.0
2020-03-06,1.0
2020-03-07,0.0
2020-03-08,0.0
2020-03-09,0.0
2020-03-10,0.0
2020-03-11,1.0
2020-03-12,3.0
2020-03-13,2.0
2020-03-14,1.0
2020-03-15,0.0
2020-03-16,1.0
2020-03-17,0.0
2020-03-18,1.0
2020-03-19,1.0
2020-03-20,3.0
2020-03-21,3.0
2020-03-22,0.0
2020-03-23,2.0
2020-03-24,4.0
2020-03-25,3.0
2020-03-26,3.0
2020-03-27,2.0
2020-03-28,4.0
2020-03-29,1.0
2020-03-30,5.0
2020-03-31,2.0
2020-04-01,2.0
2020-04-02,5.0
2020-04-03,2.0
2020-04-04,2.0
2020-04-05,2.0
2020-04-06,1.0
2020-04-07,3.0
2020-04-08,2.0
2020-04-09,0.0
2020-04-10,0.0
2020-04-11,0.0
2020-04-12,0.0
2020-04-13,0.0
2020-04-14,2.0
2020-04-15,0.0
2020-04-16,1.0
2020-04-17,0.0
2020-04-18,0.0
2020-04-19,0.0
2020-04-20,0.0
2020-04-21,0.0
2020-04-22,0.0
2020-04-23,0.0
2020-04-24,0.0
2020-04-25,0.0
2020-04-26,0.0
2020-04-27,0.0
2020-04-28,0.0
2020-04-29,0.0
2020-04-30,0.0
2020-05-01,0.0
2020-05-02,1.0
2020-05-03,0.0
2020-05-04,0.0
2020-05-05,0.0
2020-05-06,0.0
2020-05-07,0.0
2020-05-08,4.0
2020-05-09,5.0
2020-05-10,4.0
2020-05-11,2.0
2020-05-12,1.0
2020-05-13,0.0
2020-05-14,2.0
2020-05-15,1.0
2020-05-16,0.0
2020-05-17,0.0
2020-05-18,0.0
2020-05-19,5.0
2020-05-20,0.0
2020-05-21,1.0
2020-05-22,0.0
2020-05-23,1.0
2020-05-24,1.0
2020-05-25,0.0
2020-05-26,0.0
2020-05-27,0.0
2020-05-28,0.0
2020-05-29,0.0
2020-05-30,0.0
2020-05-31,0.0
2020-06-01,2.0
2020-06-02,0.0
2020-06-03,1.0
2020-06-04,1.0
2020-06-05,3.0
2020-06-06,2.0
2020-06-07,0.0
2020-06-08,2.0
2020-06-09,0.0
2020-06-10,1.0
2020-06-11,3.0
2020-06-12,4.0
2020-06-13,2.0
2020-06-14,2.0
2020-06-15,2.0
2020-06-16,2.0
2020-06-17,1.0
2020-06-18,2.0
2020-06-19,2.0
2020-06-20,1.0
2020-06-21,0.0
2020-06-22,0.0
2020-06-23,1.0
2020-06-24,0.0
2020-06-25,1.0
2020-06-26,2.0
2020-06-27,1.0
2020-06-28,2.0
2020-06-29,0.0
2020-06-30,1.0
2020-07-01,1.0
2020-07-02,1.0
2020-07-03,2.0
2020-07-04,6.0
2020-07-05,0.0
2020-07-06,1.0
2020-07-07,1.0
2020-07-08,1.0
2020-07-09,0.0
2020-07-10,1.0
2020-07-11,1.0
2020-07-12,1.0
2020-07-13,0.0
2020-07-14,0.0
2020-07-15,0.0
2020-07-16,1.0
2020-07-17,0.0
2020-07-18,0.0
2020-07-19,0.0
2020-07-20,0.0
2020-07-21,0.0
2020-07-22,0.0
2020-07-23,0.0
2020-07-24,0.0
2020-07-25,0.0
2020-07-26,2.0
2020-07-27,0.0
2020-07-28,0.0
2020-07-29,0.0
2020-07-30,2.0
2020-07-31,1.0
2020-08-01,0.0
2020-08-02,1.0
2020-08-03,0.0
2020-08-04,0.0
2020-08-05,4.0
2020-08-06,2.0
2020-08-07,3.0
2020-08-08,0.0
2020-08-09,1.0
2020-08-10,1.0
2020-08-11,1.0
2020-08-12,3.0
2020-08-13,4.0
2020-08-14,10.0
2020-08-15,13.0
2020-08-16,10.0
2020-08-17,10.0
2020-08-18,18.0
2020-08-19,10.0
2020-08-20,14.0
2020-08-21,7.0
2020-08-22,15.0
2020-08-23,14.0
2020-08-24,19.0
2020-08-25,12.0
2020-08-26,10.0
2020-08-27,10.0
2020-08-28,12.0
2020-08-29,7.0
2020-08-30,4.0
2020-08-31,10.0
2020-09-01,14.0
2020-09-02,6.0
2020-09-03,12.0
2020-09-04,8.0
2020-09-05,6.0
2020-09-06,0.0
2020-09-07,7.0
2020-09-08,2.0
2020-09-09,2.0
2020-09-10,5.0
2020-09-11,3.0
2020-09-12,1.0
2020-09-13,3.0
2020-09-14,1.0
2020-09-15,5.0
2020-09-16,7.0
2020-09-17,2.0
2020-09-18,3.0
2020-09-19,4.0
2020-09-20,2.0
2020-09-21,2.0
2020-09-22,0.0
2020-09-23,3.0
2020-09-24,7.0
2020-09-25,2.0
2020-09-26,4.0
2020-09-27,2.0
2020-09-28,0.0
2020-09-29,4.0
2020-09-30,4.0
2020-10-01,1.0
2020-10-02,2.0
2020-10-03,2.0
2020-10-04,0.0
2020-10-05,2.0
2020-10-06,5.0
2020-10-07,2.0
2020-10-08,2.0
2020-10-09,2.0
2020-10-10,1.0
2020-10-11,5.0
2020-10-12,1.0
2020-10-13,0.0
2020-10-14,5.0
2020-10-15,3.0
2020-10-16,1.0
2020-10-17,1.0
2020-10-18,3.0
2020-10-19,4.0
2020-10-20,2.0
2020-10-21,0.0
2020-10-22,3.0
2020-10-23,5.0
2020-10-24,0.0
2020-10-25,4.0
2020-10-26,4.0
2020-10-27,3.0
2020-10-28,6.0
2020-10-29,3.0
2020-10-30,3.0
2020-10-31,6.0
2020-11-01,4.0
2020-11-02,2.0
2020-11-03,3.0
2020-11-04,6.0
2020-11-05,1.0
2020-11-06,2.0
2020-11-07,2.0
2020-11-08,13.0
2020-11-09,6.0
2020-11-10,7.0
2020-11-11,6.0
2020-11-12,8.0
2020-11-13,7.0
2020-11-14,6.0
2020-11-15,5.0
2020-11-16,14.0
2020-11-17,12.0
2020-11-18,11.0
2020-11-19,26.0
2020-11-20,22.0
2020-11-21,17.0
2020-11-22,26.0
2020-11-23,40.0
2020-11-24,31.0
2020-11-25,16.0
2020-11-26,32.0
2020-11-27,30.0
2020-11-28,17.0
2020-11-29,21.0
2020-11-30,18.0
2020-12-01,34.0
2020-12-02,42.0
2020-12-03,43.0
2020-12-04,29.0
2020-12-05,30.0
2020-12-06,41.0
2020-12-07,33.0
2020-12-08,32.0
2020-12-09,26.0
2020-12-10,37.0
2020-12-11,31.0
2020-12-12,40.0
2020-12-13,19.0
2020-12-14,17.0
2020-12-15,25.0
2020-12-16,39.0
2020-12-17,34.0
2020-12-18,42.0
2020-12-19,34.0
2020-12-20,32.0
2020-12-21,40.0
2020-12-22,30.0
2020-12-23,37.0
2020-12-24,31.0
2020-12-25,39.0
2020-12-26,34.0
2020-12-27,40.0
2020-12-28,47.0
2020-12-29,55.0
2020-12-30,31.0
2020-12-31,26.0
2021-01-01,22.0
2021-01-02,15.0
2021-01-03,19.0
2021-01-04,17.0
2021-01-05,22.0
2021-01-06,19.0
2021-01-07,23.0
2021-01-08,13.0
2021-01-09,11.0
2021-01-10,11.0
2021-01-11,18.0
2021-01-12,8.0
2021-01-13,20.0
2021-01-14,13.0
2021-01-15,17.0
2021-01-16,12.0
2021-01-17,12.0
2021-01-18,12.0
2021-01-19,20.0
2021-01-20,12.0
2021-01-21,16.0
2021-01-22,15.0
2021-01-23,19.0
2021-01-24,8.0
2021-01-25,9.0
2021-01-26,13.0
2021-01-27,11.0
2021-01-28,8.0
2021-01-29,11.0
2021-01-30,14.0
2021-01-31,13.0
2021-02-01,13.0
2021-02-02,15.0
2021-02-03,30.0
2021-02-04,32.0
2021-02-05,18.0
2021-02-06,14.0
2021-02-07,18.0
2021-02-08,11.0
2021-02-09,31.0
2021-02-10,18.0
2021-02-11,10.0
2021-02-12,21.0
2021-02-13,25.0
2021-02-14,18.0
2021-02-15,20.0
2021-02-16,46.0
2021-02-17,28.0
2021-02-18,17.0
2021-02-19,14.0
2021-02-20,15.0
2021-02-21,9.0
2021-02-22,18.0
2021-02-23,14.0
2021-02-24,17.0
2021-02-25,16.0
2021-02-26,13.0
2021-02-27,11.0
2021-02-28,12.0
2021-03-01,13.0
2021-03-02,7.0
2021-03-03,10.0
2021-03-04,17.0
2021-03-05,6.0
2021-03-06,10.0
2021-03-07,10.0
2021-03-08,23.0
2021-03-09,18.0
2021-03-10,17.0
2021-03-11,17.0
2021-03-12,19.0
2021-03-13,21.0
2021-03-14,14.0
2021-03-15,13.0
2021-03-16,17.0
2021-03-17,22.0
2021-03-18,12.0
2021-03-19,18.0
2021-03-20,13.0
2021-03-21,12.0
2021-03-22,6.0
2021-03-23,11.0
2021-03-24,12.0
2021-03-25,20.0
2021-03-26,12.0
2021-03-27,18.0
2021-03-28,16.0
2021-03-29,31.0
2021-03-30,26.0
2021-03-31,21.0
2021-04-01,30.0
2021-04-02,24.0
2021-04-03,16.0
2021-04-04,30.0
2021-04-05,21.0
2021-04-06,24.0
2021-04-07,52.0
2021-04-08,40.0
2021-04-09,27.0
2021-04-10,40.0
2021-04-11,27.0
2021-04-12,19.0
2021-04-13,35.0
2021-04-14,35.0
2021-04-15,23.0
2021-04-16,22.0
2021-04-17,19.0
2021-04-18,26.0
2021-04-19,17.0
2021-04-20,28.0
2021-04-21,24.0
2021-04-22,25.0
2021-04-23,35.0
2021-04-24,21.0
2021-04-25,23.0
2021-04-26,10.0
2021-04-27,33.0
2021-04-28,29.0
2021-04-29,25.0
2021-04-30,26.0
2021-05-01,29.0
2021-05-02,19.0
2021-05-03,18.0
2021-05-04,31.0
2021-05-05,34.0
2021-05-06,16.0
2021-05-07,12.0
2021-05-08,13.0
2021-05-09,18.0
2021-05-10,19.0
2021-05-11,25.0
2021-05-12,35.0
2021-05-13,27.0
2021-05-14,33.0
2021-05-15,20.0
2021-05-16,13.0
2021-05-17,10.0
2021-05-18,23.0
2021-05-19,18.0
2021-05-20,18.0
2021-05-21,24.0
2021-05-22,15.0
2021-05-23,11.0
2021-05-24,23.0
2021-05-25,47.0
2021-05-26,38.0
2021-05-27,29.0
2021-05-28,40.0
2021-05-29,13.0
2021-05-30,17.0
2021-05-31,12.0
2021-06-01,45.0
2021-06-02,27.0
2021-06-03,20.0
2021-06-04,30.0
2021-06-05,20.0
2021-06-06,24.0
2021-06-07,21.0
2021-06-08,23.0
2021-06-09,32.0
2021-06-10,24.0
2021-06-11,25.0
2021-06-12,19.0
2021-06-13,19.0
2021-06-14,13.0
2021-06-15,32.0
2021-06-16,37.0
2021-06-17,29.0
2021-06-18,27.0
2021-06-19,29.0
2021-06-20,17.0
2021-06-21,15.0
2021-06-22,27.0
2021-06-23,29.0
2021-06-24,35.0
2021-06-25,24.0
2021-06-26,25.0
2021-06-27,19.0
2021-06-28,19.0
2021-06-29,42.0
2021-06-30,43.0
2021-07-01,47.0
2021-07-02,46.0
2021-07-03,38.0
2021-07-04,49.0
2021-07-05,41.0
2021-07-06,71.0
2021-07-07,56.0
2021-07-08,58.0
2021-07-09,53.0
2021-07-10,50.0
2021-07-11,40.0
2021-07-12,35.0
2021-07-13,85.0
2021-07-14,59.0
2021-07-15,71.0
2021-07-16,77.0
2021-07-17,69.0
2021-07-18,53.0
2021-07-19,52.0
2021-07-20,70.0
2021-07-21,58.0
2021-07-22,71.0
2021-07-23,66.0
2021-07-24,53.0
2021-07-25,26.0
2021-07-26,33.0
2021-07-27,52.0
2021-07-28,55.0
2021-07-29,54.0
2021-07-30,41.0
2021-07-31,57.0
2021-08-01,42.0
2021-08-02,26.0
2021-08-03,48.0
2021-08-04,60.0
2021-08-05,51.0
2021-08-06,52.0
2021-08-07,37.0
2021-08-08,39.0
2021-08-09,42.0
2021-08-10,89.0
2021-08-11,60.0
2021-08-12,54.0
2021-08-13,56.0
2021-08-14,49.0
2021-08-15,39.0
2021-08-16,37.0
2021-08-17,53.0
2021-08-18,67.0
2021-08-19,49.0
2021-08-20,72.0
2021-08-21,68.0
2021-08-22,49.0
2021-08-23,44.0
2021-08-24,65.0
2021-08-25,59.0
2021-08-26,58.0
2021-08-27,52.0
2021-08-28,54.0
2021-08-29,43.0
2021-08-30,63.0
2021-08-31,75.0
2021-09-01,54.0
2021-09-02,67.0
2021-09-03,57.0
2021-09-04,45.0
2021-09-05,39.0
2021-09-06,33.0
2021-09-07,64.0
2021-09-08,63.0
2021-09-09,51.0
2021-09-10,45.0
2021-09-11,62.0
2021-09-12,47.0
2021-09-13,47.0
2021-09-14,58.0
2021-09-15,43.0
2021-09-16,58.0
2021-09-17,44.0
2021-09-18,62.0
2021-09-19,52.0
2021-09-20,43.0
2021-09-21,48.0
2021-09-22,48.0
2021-09-23,66.0
2021-09-24,97.0
2021-09-25,92.0
2021-09-26,60.0
2021-09-27,61.0
2021-09-28,72.0
2021-09-29,71.0
2021-09-30,52.0
2021-10-01,75.0
2021-10-02,61.0
2021-10-03,60.0
2021-10-04,46.0
2021-10-05,60.0
2021-10-06,60.0
2021-10-07,68.0
2021-10-08,63.0
2021-10-09,55.0
2021-10-10,42.0
2021-10-11,49.0
2021-10-12,60.0
2021-10-13,52.0
2021-10-14,58.0
2021-10-15,37.0
2021-10-16,42.0
2021-10-17,27.0
2021-10-18,27.0
2021-10-19,39.0
2021-10-20,34.0
2021-10-21,50.0
2021-10-22,40.0
2021-10-23,50.0
2021-10-24,45.0
2021-10-25,31.0
2021-10-26,66.0
2021-10-27,43.0
2021-10-28,48.0
2021-10-29,46.0
2021-10-30,50.0
2021-10-31,53.0
2021-11-01,44.0
2021-11-02,66.0
2021-11-03,68.0
2021-11-04,75.0
2021-11-05,76.0
2021-11-06,73.0
2021-11-07,63.0
2021-11-08,52.0
2021-11-09,81.0
2021-11-10,91.0
2021-11-11,77.0
2021-11-12,64.0
2021-11-13,65.0
2021-11-14,74.0
2021-11-15,69.0
2021-11-16,115.0
2021-11-17,124.0
2021-11-18,88.0
2021-11-19,127.0
2021-11-20,116.0
2021-11-21,110.0
2021-11-22,102.0
2021-11-23,131.0
2021-11-24,138.0
2021-11-25,133.0
2021-11-26,185.0
2021-11-27,163.0
2021-11-28,138.0
2021-11-29,116.0
2021-11-30,214.0
2021-12-01,191.0
2021-12-02,195.0
2021-12-03,222.0
2021-12-04,210.0
2021-12-05,152.0
2021-12-06,168.0
2021-12-07,268.0
2021-12-08,269.0
2021-12-09,263.0
2021-12-10,277.0
2021-12-11,267.0
2021-12-12,256.0
2021-12-13,212.0
2021-12-14,300.0
2021-12-15,310.0
2021-12-16,272.0
2021-12-17,273.0
2021-12-18,248.0
2021-12-19,163.0
2021-12-20,159.0
2021-12-21,292.0
2021-12-22,230.0
2021-12-23,214.0
2021-12-24,180.0
2021-12-25,170.0
2021-12-26,143.0
2021-12-27,95.0
2021-12-28,171.0
2021-12-29,161.0
2021-12-30,153.0
2021-12-31,149.0
2022-01-01,131.0
2022-01-02,104.0
2022-01-03,96.0
2022-01-04,167.0
2022-01-05,205.0
2022-01-06,115.0
2022-01-07,104.0
2022-01-08,105.0
2022-01-09,79.0
2022-01-10,93.0
2022-01-11,143.0
2022-01-12,105.0
2022-01-13,127.0
2022-01-14,107.0
2022-01-15,93.0
2022-01-16,91.0
2022-01-17,78.0
2022-01-18,121.0
2022-01-19,125.0
2022-01-20,163.0
2022-01-21,156.0
2022-01-22,173.0
2022-01-23,163.0
2022-01-24,212.0
2022-01-25,372.0
2022-01-26,410.0
2022-01-27,442.0
2022-01-28,487.0
2022-01-29,487.0
2022-01-30,456.0
2022-01-31,433.0
2022-02-01,523.0
2022-02-02,554.0
2022-02-03,877.0
2022-02-04,1002.0
2022-02-05,966.0
2022-02-06,866.0
2022-02-07,714.0
2022-02-08,1178.0
2022-02-09,1156.0
2022-02-10,1183.0
2022-02-11,1138.0
2022-02-12,1166.0
2022-02-13,973.0
2022-02-14,1113.0
2022-02-15,1787.0
2022-02-16,2104.0
2022-02-17,2282.0
2022-02-18,2297.0
2022-02-19,2261.0
2022-02-20,1849.0
2022-02-21,1299.0
2022-02-22,3471.0
2022-02-23,3326.0
2022-02-24,3756.0
2022-02-25,3462.0
2022-02-26,3361.0
2022-02-27,1816.0
2022-02-28,2526.0
2022-03-01,4650.0
2022-03-02,3570.0
2022-03-03,6728.0
2022-03-04,4684.0
2022-03-05,4479.0
2022-03-06,3903.0
2022-03-07,3798.0
2022-03-08,7229.0
2022-03-09,6571.0
2022-03-10,5339.0
2022-03-11,7736.0
2022-03-12,6615.0
2022-03-13,5253.0
2022-03-14,4752.0
2022-03-15,6838.0
2022-03-16,9551.0
2022-03-17,8952.0
2022-03-18,7617.0
2022-03-19,6240.0
2022-03-20,4191.0
2022-03-21,6979.0
2022-03-22,8696.0
2022-03-23,8072.0
2022-03-24,6555.0
2022-03-25,6488.0
2022-03-26,5306.0
2022-03-27,1935.0
2022-03-28,5937.0
2022-03-29,5127.0
2022-03-30,6868.0
2022-03-31,4933.0
2022-04-01,2944.0
2022-04-02,3449.0
2022-04-03,2355.0
2022-04-04,5755.0
2022-04-05,3286.0
2022-04-06,3838.0
2022-04-07,3726.0
2022-04-08,3058.0
2022-04-09,2838.0
2022-04-10,1512.0
2022-04-11,3483.0
2022-04-12,3180.0
2022-04-13,2633.0
2022-04-14,2125.0
2022-04-15,1704.0
2022-04-16,1452.0
2022-04-17,824.0
2022-04-18,1985.0
2022-04-19,1862.0
2022-04-20,1560.0
2022-04-21,1321.0
2022-04-22,1128.0
2022-04-23,1069.0
2022-04-24,578.0
2022-04-25,1369.0
2022-04-26,1248.0
2022-04-27,916.0
2022-04-28,796.0
2022-04-29,981.0
2022-04-30,618.0
2022-05-01,332.0
2022-05-02,796.0
2022-05-03,850.0
2022-05-04,724.0
2022-05-05,382.0
2022-05-06,660.0
2022-05-07,580.0
2022-05-08,291.0
2022-05-09,737.0
2022-05-10,785.0
2022-05-11,608.0
2022-05-12,583.0
2022-05-13,431.0
2022-05-14,369.0
2022-05-15,233.0
2022-05-16,552.0
2022-05-17,504.0
2022-05-18,432.0
2022-05-19,388.0
2022-05-20,378.0
2022-05-21,311.0
2022-05-22,98.0
2022-05-23,436.0
2022-05-24,393.0
2022-05-25,341.0
2022-05-26,249.0
2022-05-27,219.0
2022-05-28,217.0
2022-05-29,108.0
2022-05-30,281.0
2022-05-31,293.0
2022-06-01,177.0
2022-06-02,246.0
2022-06-03,211.0
2022-06-04,173.0
2022-06-05,105.0
2022-06-06,131.0
2022-06-07,211.0
2022-06-08,179.0
2022-06-09,175.0
2022-06-10,161.0
2022-06-11,130.0
2022-06-12,85.0
2022-06-13,208.0
2022-06-14,191.0
2022-06-15,136.0
2022-06-16,121.0
2022-06-17,124.0
2022-06-18,148.0
2022-06-19,73.0
2022-06-20,203.0
2022-06-21,210.0
2022-06-22,173.0
2022-06-23,194.0
2022-06-24,136.0
2022-06-25,154.0
2022-06-26,78.0
2022-06-27,246.0
2022-06-28,258.0
2022-06-29,278.0
2022-06-30,290.0
2022-07-01,255.0
2022-07-02,253.0
2022-07-03,144.0
2022-07-04,430.0
2022-07-05,474.0
2022-07-06,486.0
2022-07-07,489.0
2022-07-08,568.0
2022-07-09,507.0
2022-07-10,269.0
2022-07-11,975.0
2022-07-12,1036.0
2022-07-13,1038.0
2022-07-14,920.0
2022-07-15,948.0
2022-07-16,884.0
2022-07-17,597.0
2022-07-18,1746.0
2022-07-19,1821.0
2022-07-20,1686.0
2022-07-21,1587.0
2022-07-22,1550.0
2022-07-23,1438.0
2022-07-24,777.0
2022-07-25,2064.0
2022-07-26,1391.0
2022-07-27,1964.0
2022-07-28,1722.0
2022-07-29,1770.0
2022-07-30,1553.0
2022-07-31,844.0
2022-08-01,2283.0
2022-08-02,1455.0
2022-08-03,2207.0
2022-08-04,2097.0
2022-08-05,1980.0
2022-08-06,1839.0
2022-08-07,882.0
2022-08-08,2907.0
2022-08-09,2606.0
2022-08-10,2442.0
2022-08-11,1462.0
2022-08-12,2104.0
2022-08-13,1871.0
2022-08-14,798.0
2022-08-15,1247.0
2022-08-16,3453.0
2022-08-17,2713.0
2022-08-18,1976.0
2022-08-19,1812.0
2022-08-20,1560.0
2022-08-21,874.0
2022-08-22,2303.0
2022-08-23,1983.0
2022-08-24,1675.0
2022-08-25,1507.0
2022-08-26,1438.0
2022-08-27,1292.0
2022-08-28,627.0
2022-08-29,1989.0
2022-08-30,1645.0
2022-08-31,1382.0
2022-09-01,1411.0
2022-09-02,1276.0
2022-09-03,1147.0
2022-09-04,562.0
2022-09-05,1703.0
2022-09-06,1493.0
2022-09-07,1257.0
2022-09-08,1356.0
2022-09-09,631.0
2022-09-10,473.0
2022-09-11,543.0
2022-09-12,1001.0
2022-09-13,1566.0
2022-09-14,1260.0
2022-09-15,827.0
2022-09-16,726.0
2022-09-17,526.0
2022-09-18,281.0
2022-09-19,883.0
2022-09-20,710.0
2022-09-21,587.0
2022-09-22,531.0
2022-09-23,498.0
2022-09-24,470.0
2022-09-25,231.0
2022-09-26,774.0
2022-09-27,612.0
2022-09-28,579.0
2022-09-29,531.0
2022-09-30,498.0
2022-10-01,500.0
2022-10-02,172.0
2022-10-03,251.0
2022-10-04,724.0
2022-10-05,577.0
2022-10-06,403.0
2022-10-07,386.0
2022-10-08,351.0
2022-10-09,111.0
2022-10-10,313.0
2022-10-11,545.0
2022-10-12,477.0
2022-10-13,429.0
2022-10-14,476.0
2022-10-15,413.0
2022-10-16,231.0
2022-10-17,696.0
2022-10-18,568.0
2022-10-19,508.0
2022-10-20,473.0
2022-10-21,515.0
2022-10-22,498.0
2022-10-23,228.0
2022-10-24,844.0
2022-10-25,772.0
2022-10-26,614.0
2022-10-27,661.0
2022-10-28,646.0
2022-10-29,669.0
2022-10-30,267.0
2022-10-31,1087.0
2022-11-01,1060.0
2022-11-02,934.0
2022-11-03,777.0
2022-11-04,787.0
2022-11-05,678.0
2022-11-06,317.0
2022-11-07,1229.0
2022-11-08,1156.0
2022-11-09,1064.0
2022-11-10,1036.0
2022-11-11,1006.0
2022-11-12,897.0
2022-11-13,409.0
2022-11-14,1332.0
2022-11-15,1214.0
2022-11-16,1049.0
2022-11-17,1025.0
2022-11-18,1041.0
2022-11-19,883.0
2022-11-20,416.0
2022-11-21,1452.0
2022-11-22,1349.0
2022-11-23,1064.0
2022-11-24,987.0
2022-11-25,1046.0
2022-11-26,956.0
2022-11-27,372.0
2022-11-28,1460.0
2022-11-29,1169.0
2022-11-30,1056.0
2022-12-01,1013.0
2022-12-02,1019.0
2022-12-03,860.0
2022-12-04,379.0
2022-12-05,1375.0
2022-12-06,1322.0
2022-12-07,1105.0
2022-12-08,1113.0
2022-12-09,1112.0
2022-12-10,859.0
2022-12-11,442.0
2022-12-12,1551.0
2022-12-13,1543.0
2022-12-14,1130.0
2022-12-15,1178.0
2022-12-16,1173.0
2022-12-17,991.0
2022-12-18,508.0
2022-12-19,1524.0
2022-12-20,1600.0
2022-12-21,1394.0
2022-12-22,1147.0
2022-12-23,1122.0
2022-12-24,1014.0
2022-12-25,425.0
2022-12-26,1639.0
2022-12-27,1703.0
2022-12-28,1276.0
2022-12-29,1155.0
2022-12-30,1097.0
2022-12-31,958.0
2023-01-01,69.0
2023-01-02,344.0
2023-01-03,311.0
2023-01-04,225.0
2023-01-05,213.0
2023-01-06,213.0
2023-01-07,151.0
2023-01-08,71.0
2023-01-09,230.0
2023-01-10,196.0
2023-01-11,167.0
2023-01-12,149.0
2023-01-13,147.0
2023-01-14,120.0
2023-01-15,34.0
2023-01-16,208.0
2023-01-17,106.0
2023-01-18,113.0
2023-01-19,92.0
2023-01-20,85.0
2023-01-21,42.0
2023-01-22,42.0
2023-01-23,38.0
2023-01-24,44.0
2023-01-25,121.0
2023-01-26,74.0
2023-01-27,79.0
2023-01-28,42.0
2023-01-29,13.0
2023-01-30,73.0
2023-01-31,61.0
2023-02-01,54.0
2023-02-02,40.0
2023-02-03,46.0
2023-02-04,29.0
2023-02-05,19.0
2023-02-06,77.0
2023-02-07,69.0
2023-02-08,37.0
2023-02-09,38.0
2023-02-10,53.0
2023-02-11,31.0
2023-02-12,6.0
2023-02-13,63.0
2023-02-14,45.0
2023-02-15,31.0
2023-02-16,46.0
2023-02-17,26.0
2023-02-18,36.0
2023-02-19,6.0
2023-02-20,62.0
2023-02-21,44.0
2023-02-22,40.0
2023-02-23,34.0
2023-02-24,43.0
2023-02-25,35.0
2023-02-26,12.0
2023-02-27,60.0
2023-02-28,53.0
2023-03-01,21.0
2023-03-02,68.0
2023-03-03,58.0
2023-03-04,32.0
2023-03-05,8.0
2023-03-06,66.0
2023-03-07,49.0
2023-03-08,51.0
2023-03-09,44.0
2023-03-10,36.0
2023-03-11,45.0
2023-03-12,12.0
2023-03-13,62.0
2023-03-14,40.0
2023-03-15,46.0
2023-03-16,53.0
2023-03-17,35.0
2023-03-18,44.0
2023-03-19,15.0
2023-03-20,74.0
2023-03-21,50.0
2023-03-22,58.0
2023-03-23,56.0
2023-03-24,31.0
2023-03-25,45.0
2023-03-26,16.0
2023-03-27,92.0
2023-03-28,56.0
2023-03-29,55.0
2023-03-30,55.0
2023-03-31,55.0
2023-04-01,63.0
2023-04-02,16.0
2023-04-03,91.0
2023-04-04,81.0
2023-04-05,74.0
2023-04-06,56.0
2023-04-07,52.0
2023-04-08,55.0
2023-04-09,15.0
2023-04-10,73.0
2023-04-11,70.0
2023-04-12,61.0
2023-04-13,65.0
2023-04-14,59.0
2023-04-15,32.0
2023-04-16,21.0
2023-04-17,93.0
2023-04-18,92.0
2023-04-19,75.0
2023-04-20,86.0
2023-04-21,66.0
2023-04-22,45.0
2023-04-23,20.0
2023-04-24,105.0
2023-04-25,88.0
2023-04-26,72.0
2023-04-27,77.0
2023-04-28,76.0
2023-04-29,65.0
2023-04-30,15.0
2023-05-01,83.0
2023-05-02,101.0
2023-05-03,118.0
2023-05-04,90.0
2023-05-05,68.0
2023-05-06,99.0
2023-05-07,30.0
2023-05-08,162.0
2023-05-09,118.0
2023-05-10,97.0
2023-05-11,119.0
2023-05-12,93.0
2023-05-13,73.0
2023-05-14,20.0
2023-05-15,128.0
2023-05-16,109.0
2023-05-17,101.0
2023-05-18,79.0
2023-05-19,78.0
2023-05-20,69.0
2023-05-21,17.0
2023-05-22,125.0
2023-05-23,91.0
2023-05-24,97.0
2023-05-25,86.0
2023-05-26,90.0
2023-05-27,47.0
2023-05-28,19.0
2023-05-29,62.0
2023-05-30,123.0
2023-05-31,116.0
2023-06-01,89.0
2023-06-02,96.0
2023-06-03,74.0
2023-06-04,22.0
2023-06-05,121.0
2023-06-06,51.0
2023-06-07,125.0
2023-06-08,110.0
2023-06-09,76.0
2023-06-10,51.0
2023-06-11,12.0
2023-06-12,117.0
2023-06-13,91.0
2023-06-14,81.0
2023-06-15,85.0
2023-06-16,75.0
2023-06-17,79.0
2023-06-18,13.0
2023-06-19,132.0
2023-06-20,77.0
2023-06-21,81.0
2023-06-22,69.0
2023-06-23,75.0
2023-06-24,71.0
2023-06-25,12.0
2023-06-26,120.0
2023-06-27,82.0
2023-06-28,80.0
2023-06-29,78.0
2023-06-30,85.0
2023-07-01,62.0
2023-07-02,26.0
2023-07-03,132.0
2023-07-04,114.0
2023-07-05,114.0
2023-07-06,103.0
2023-07-07,109.0
2023-07-08,91.0
2023-07-09,29.0
2023-07-10,159.0
2023-07-11,124.0
2023-07-12,103.0
2023-07-13,111.0
2023-07-14,108.0
2023-07-15,109.0
2023-07-16,35.0
2023-07-17,180.0
2023-07-18,176.0
2023-07-19,158.0
2023-07-20,167.0
2023-07-21,163.0
2023-07-22,136.0
2023-07-23,36.0
2023-07-24,254.0
2023-07-25,202.0
2023-07-26,175.0
2023-07-27,180.0
2023-07-28,183.0
2023-07-29,134.0
2023-07-30,56.0
2023-07-31,258.0
2023-08-01,228.0
2023-08-02,190.0
2023-08-03,179.0
2023-08-04,171.0
2023-08-05,195.0
2023-08-06,43.0
2023-08-07,286.0
2023-08-08,278.0
2023-08-09,219.0
2023-08-10,218.0
2023-08-11,177.0
2023-08-12,161.0
2023-08-13,52.0
2023-08-14,223.0
2023-08-15,100.0
2023-08-16,213.0
2023-08-17,172.0
2023-08-18,160.0
2023-08-19,146.0
2023-08-20,34.0
2023-08-21,237.0
2023-08-22,159.0
2023-08-23,156.0
2023-08-24,138.0
2023-08-25,130.0
2023-08-26,119.0
2023-08-27,35.0
2023-08-28,195.0
2023-08-29,140.0
2023-08-30,115.0
